<?xml version="1.0" encoding="UTF-8" ?>
<pageDefinition xmlns="http://xmlns.oracle.com/adfm/uimodel" version="12.2.1.22.33" id="DetailNewPageDef"
                Package="crud.Recipes">
  <parameters/>
  <executables>
    <variableIterator id="variables"/>
    <iterator Binds="root" RangeSize="25" DataControl="RecipeService" id="RecipeServiceIterator"/>
    <accessorIterator MasterBinding="RecipeServiceIterator" Binds="recipes" RangeSize="25" DataControl="RecipeService"
                      BeanClass="crud.JAVA.Recipe" id="recipesIterator"/>
    <accessorIterator MasterBinding="recipesIterator" Binds="ingredients" RangeSize="25" DataControl="RecipeService"
                      BeanClass="crud.JAVA.Ingredient" id="ingredientsIterator"/>
  </executables>
  <bindings>
    <attributeValues IterBinding="recipesIterator" id="title">
      <AttrNames>
        <Item Value="title"/>
      </AttrNames>
    </attributeValues>
    <tree IterBinding="ingredientsIterator" id="ingredients">
      <nodeDefinition DefName="crud.JAVA.Ingredient" Name="ingredients0">
        <AttrNames>
          <Item Value="item"/>
        </AttrNames>
      </nodeDefinition>
    </tree>
  </bindings>
</pageDefinition>
