<?xml version="1.0" encoding="UTF-8" ?>
<pageDefinition xmlns="http://xmlns.oracle.com/adfm/uimodel" version="12.2.1.22.33" id="EditIngredientsPageDef"
                Package="crud.Recipes">
  <parameters/>
  <executables>
    <variableIterator id="variables"/>
    <iterator Binds="root" RangeSize="25" DataControl="RecipeService" id="RecipeServiceIterator"/>
    <accessorIterator MasterBinding="RecipeServiceIterator" Binds="recipes" RangeSize="25" DataControl="RecipeService"
                      BeanClass="crud.JAVA.Recipe" id="recipesIterator"/>
    <accessorIterator MasterBinding="recipesIterator" Binds="ingredients" RangeSize="-1" DataControl="RecipeService"
                      BeanClass="crud.JAVA.Ingredient" id="ingredientsIterator"/>
  </executables>
  <bindings>
    <attributeValues IterBinding="recipesIterator" id="title">
      <AttrNames>
        <Item Value="title"/>
      </AttrNames>
    </attributeValues>
    <attributeValues IterBinding="ingredientsIterator" id="item">
      <AttrNames>
        <Item Value="item"/>
      </AttrNames>
    </attributeValues>
    <attributeValues IterBinding="ingredientsIterator" id="foodItem">
      <AttrNames>
        <Item Value="foodItem"/>
      </AttrNames>
    </attributeValues>
     <attributeValues IterBinding="ingredientsIterator" id="measurement">
      <AttrNames>
        <Item Value="measurement"/>
      </AttrNames>
    </attributeValues>
    <tree IterBinding="ingredientsIterator" id="ingredients">
      <nodeDefinition DefName="crud.JAVA.Ingredient" Name="ingredients0">
        <AttrNames>
          <Item Value="item"/>
          <Item Value="qty"/>
          <Item Value="amountStr"/>
          <Item Value="qtyStr"/>
          <Item Value="measurement"/>
          <Item Value="container"/>
          <Item Value="toString"/>
          <Item Value="id"/>
          <Item Value="deleteFlag"/>
          <Item Value="foodGroup"/>
          <Item Value="newItem"/>
        </AttrNames>
      </nodeDefinition>
    </tree>
    <attributeValues IterBinding="ingredientsIterator" id="id">
      <AttrNames>
        <Item Value="id"/>
      </AttrNames>
    </attributeValues>
    <methodAction IterBinding="ingredientsIterator" id="deleteFromStore" RequiresUpdateModel="true"
                  Action="invokeMethod" MethodName="deleteFromStore" IsViewObjectMethod="false"
                  DataControl="RecipeService" InstanceName="bindings.ingredientsIterator.currentRow.dataProvider"
                  IsLocalObjectReference="true">
      <NamedData NDName="id" NDValue="#{pageFlowScope.IngredentID}" NDType="java.lang.Integer"/>
    </methodAction>
    <methodAction IterBinding="recipesIterator" id="addBlankIngredient" RequiresUpdateModel="true" Action="invokeMethod"
                  MethodName="addBlankIngredient" IsViewObjectMethod="false" DataControl="RecipeService"
                  InstanceName="bindings.recipesIterator.currentRow.dataProvider" IsLocalObjectReference="true"/>
    <action IterBinding="ingredientsIterator" id="Delete" RequiresUpdateModel="false" Action="removeCurrentRow"/>
    <action IterBinding="ingredientsIterator" id="Create" RequiresUpdateModel="true" Action="createRow"/>
    <methodAction id="onIngredientItemChange" RequiresUpdateModel="true" Action="invokeMethod"
                  MethodName="onIngredientItemChange" IsViewObjectMethod="false" DataControl="GeneralBean"
                  InstanceName="data.GeneralBean.dataProvider">
      <NamedData NDName="valueChangeEvent" NDType="oracle.adfmf.amx.event.ValueChangeEvent"/>
    </methodAction>
  </bindings>
</pageDefinition>
