<?xml version="1.0" encoding="UTF-8" ?>
<pageDefinition xmlns="http://xmlns.oracle.com/adfm/uimodel" version="12.2.1.22.33" id="EditIngredientPageDef"
                Package="crud.Recipes">
  <parameters/>
  <executables>
    <variableIterator id="variables"/>
    <iterator Binds="root" RangeSize="25" DataControl="RecipeService" id="RecipeServiceIterator"/>
    <accessorIterator MasterBinding="RecipeServiceIterator" Binds="ingredients" RangeSize="25"
                      DataControl="RecipeService" BeanClass="crud.JAVA.Ingredient" id="ingredientsIterator"/>
    <accessorIterator MasterBinding="RecipeServiceIterator" Binds="recipes" RangeSize="25" DataControl="RecipeService"
                      BeanClass="crud.JAVA.Recipe" id="recipesIterator"/>
    <accessorIterator MasterBinding="RecipeServiceIterator" Binds="ingredient" RangeSize="25"
                      DataControl="RecipeService" BeanClass="crud.JAVA.Ingredient" id="ingredientIterator"/>
    <accessorIterator MasterBinding="RecipeServiceIterator" Binds="recipe" RangeSize="25" DataControl="RecipeService"
                      BeanClass="crud.JAVA.Recipe" id="recipeIterator"/>
    <accessorIterator MasterBinding="recipeIterator" Binds="ingredients" RangeSize="25" DataControl="RecipeService"
                      BeanClass="crud.JAVA.Ingredient" id="ingredientsIterator1"/>
  </executables>
  <bindings>
    <methodAction id="deleteIngredient" RequiresUpdateModel="true" Action="invokeMethod" MethodName="deleteIngredient"
                  IsViewObjectMethod="false" DataControl="RecipeService"
                  InstanceName="data.RecipeService.dataProvider"/>
    <methodAction id="reloadIngredients" RequiresUpdateModel="true" Action="invokeMethod" MethodName="reloadIngredients"
                  IsViewObjectMethod="false" DataControl="RecipeService"
                  InstanceName="data.RecipeService.dataProvider"/>
    <action IterBinding="ingredientsIterator" id="Delete" RequiresUpdateModel="false" Action="removeCurrentRow"/>
    <attributeValues IterBinding="ingredientIterator" id="newItem">
      <AttrNames>
        <Item Value="newItem"/>
      </AttrNames>
    </attributeValues>
    <attributeValues IterBinding="ingredientIterator" id="qty">
      <AttrNames>
        <Item Value="qty"/>
      </AttrNames>
    </attributeValues>
    <methodAction id="saveIngredient" RequiresUpdateModel="true" Action="invokeMethod" MethodName="saveIngredient"
                  IsViewObjectMethod="false" DataControl="RecipeService" InstanceName="data.RecipeService.dataProvider">
        <NamedData NDName="ingredient" NDType="crud.JAVA.Ingredient" NDValue="#{bindings.ingredientIterator.currentRow.dataProvider}"/>
    </methodAction>
    <attributeValues IterBinding="recipeIterator" id="title">
      <AttrNames>
        <Item Value="title"/>
      </AttrNames>
    </attributeValues>
    <attributeValues IterBinding="recipeIterator" id="id">
      <AttrNames>
        <Item Value="id"/>
      </AttrNames>
    </attributeValues>
    <attributeValues IterBinding="ingredientsIterator1" id="ingredientID">
      <AttrNames>
        <Item Value="ingredientID"/>
      </AttrNames>
    </attributeValues>
  </bindings>
</pageDefinition>
