<?xml version="1.0" encoding="UTF-8" ?>
<pageDefinition xmlns="http://xmlns.oracle.com/adfm/uimodel" version="12.2.1.22.33"
                id="Recipes_task_flow_Recipes_task_flow_CreateIngredientPageDef" Package="crud.Recipes"
                SkipValidation="true">
  <parameters/>
  <executables>
    <iterator Binds="root" RangeSize="25" DataControl="RecipeService" id="RecipeServiceIterator"/>
    <accessorIterator MasterBinding="RecipeServiceIterator" Binds="ingredients" RangeSize="25"
                      DataControl="RecipeService" BeanClass="crud.JAVA.Ingredient" id="ingredientsIterator"/>
  </executables>
  <bindings>
    <action IterBinding="ingredientsIterator" id="Create" RequiresUpdateModel="true" Action="createRow"/>
  </bindings>
</pageDefinition>
