<?xml version="1.0" encoding="UTF-8" ?>
<pageDefinition xmlns="http://xmlns.oracle.com/adfm/uimodel" version="12.2.1.22.33"
                id="RecipesTaskflow_RecipesTaskflow_CreatePageDef" Package="crud.Recipes" SkipValidation="true">
  <parameters/>
  <executables>
    <iterator Binds="root" RangeSize="25" DataControl="RecipeService" id="RecipeServiceIterator"/>
    <accessorIterator MasterBinding="RecipeServiceIterator" Binds="recipes" RangeSize="25" DataControl="RecipeService"
                      BeanClass="crud.JAVA.Recipe" id="recipesIterator"/>
  </executables>
  <bindings>
    <action IterBinding="recipesIterator" id="Create" RequiresUpdateModel="true" Action="createRow"/>
  </bindings>
</pageDefinition>
