<?xml version="1.0" encoding="UTF-8" ?>
<pageDefinition xmlns="http://xmlns.oracle.com/adfm/uimodel" version="12.2.1.22.33" id="EditRecipePageDef"
                Package="crud.CRUD.recipes">
  <parameters/>
  <executables>
    <iterator Binds="root" RangeSize="25" DataControl="RecipeService" id="RecipeServiceIterator"/>
    <accessorIterator MasterBinding="RecipeServiceIterator" Binds="recipes" RangeSize="25" DataControl="RecipeService"
                      BeanClass="crud.JAVA.Recipe" id="recipesIterator">
      <sortCriteria>
        <sort attribute="title" ascending="true"/>
      </sortCriteria>
    </accessorIterator>
    <accessorIterator MasterBinding="RecipeServiceIterator" Binds="ingredients" RangeSize="25"
                      DataControl="RecipeService" BeanClass="crud.JAVA.Ingredient" id="ingredientsIterator"/>
    <accessorIterator MasterBinding="RecipeServiceIterator" Binds="ingredient" RangeSize="25"
                      DataControl="RecipeService" BeanClass="crud.JAVA.Ingredient" id="ingredientIterator"/>
  </executables>
  <bindings>
    <attributeValues IterBinding="recipesIterator" id="title">
      <AttrNames>
        <Item Value="title"/>
      </AttrNames>
    </attributeValues>
    <attributeValues IterBinding="recipesIterator" id="recipeUrl">
      <AttrNames>
        <Item Value="recipeUrl"/>
      </AttrNames>
    </attributeValues>
    <attributeValues IterBinding="recipesIterator" id="photo">
      <AttrNames>
        <Item Value="photo"/>
      </AttrNames>
    </attributeValues>
    <attributeValues IterBinding="recipesIterator" id="description">
      <AttrNames>
        <Item Value="description"/>
      </AttrNames>
    </attributeValues>
    <attributeValues IterBinding="recipesIterator" id="prepTime">
      <AttrNames>
        <Item Value="prepTime"/>
      </AttrNames>
    </attributeValues>
    <attributeValues IterBinding="recipesIterator" id="id">
      <AttrNames>
        <Item Value="id"/>
      </AttrNames>
    </attributeValues>
    <attributeValues IterBinding="RecipeServiceIterator" id="googleCriteria">
      <AttrNames>
        <Item Value="googleCriteria"/>
      </AttrNames>
    </attributeValues>
    <attributeValues IterBinding="RecipeServiceIterator" id="selectedUrl">
      <AttrNames>
        <Item Value="selectedUrl"/>
      </AttrNames>
    </attributeValues>  
    <attributeValues IterBinding="RecipeServiceIterator" id="selectedTitle">
      <AttrNames>
        <Item Value="selectedTitle"/>
      </AttrNames>
    </attributeValues>
    <methodAction id="reloadRecipes" RequiresUpdateModel="true" Action="invokeMethod" MethodName="reloadRecipes"
                  IsViewObjectMethod="false" DataControl="RecipeService"
                  InstanceName="data.RecipeService.dataProvider"/>
    <methodAction id="callGoogle" RequiresUpdateModel="true" Action="invokeMethod" MethodName="callGoogle"
                  IsViewObjectMethod="false" DataControl="RecipeService"
                  InstanceName="data.RecipeService.dataProvider"/>
    <methodAction id="deleteRecipe" RequiresUpdateModel="true" Action="invokeMethod" MethodName="deleteRecipe"
                  IsViewObjectMethod="false" DataControl="RecipeService" InstanceName="data.RecipeService.dataProvider">
          <NamedData NDName="id" NDValue="#{bindings.id.inputValue}" NDType="java.lang.Integer"/>
    </methodAction>    
    <methodAction id="saveRecipe" RequiresUpdateModel="true" Action="invokeMethod" MethodName="saveRecipe"
                  IsViewObjectMethod="false" DataControl="RecipeService" InstanceName="data.RecipeService.dataProvider">
          <NamedData NDName="recipe" NDValue="#{bindings.recipesIterator.currentRow.dataProvider}"
                 NDType="crud.JAVA.Recipe"/>
    </methodAction>
    <tree IterBinding="ingredientsIterator" id="ingredients">
      <nodeDefinition DefName="crud.JAVA.Ingredient" Name="ingredients0">
        <AttrNames>
          <Item Value="foodGroup"/>
          <Item Value="id"/>
          <Item Value="toString"/>
          <Item Value="amountStr"/>
          <Item Value="item"/>
          <Item Value="measurement"/>
          <Item Value="container"/>
          <Item Value="qtyStr"/>
        </AttrNames>
      </nodeDefinition>
    </tree>
    <methodAction id="prepareIngredientToEdit" RequiresUpdateModel="true" Action="invokeMethod"
                  MethodName="prepareIngredientToEdit" IsViewObjectMethod="false" DataControl="RecipeService"
                  InstanceName="data.RecipeService.dataProvider">
      <NamedData NDName="ingredientToEdit" NDValue="#{bindings.ingredientsIterator.currentRow.dataProvider}"
                 NDType="crud.JAVA.Ingredient"/>
    </methodAction>
    <methodAction id="prepareIngredientToAdd" RequiresUpdateModel="true" Action="invokeMethod"
                  MethodName="prepareIngredientToAdd" IsViewObjectMethod="false" DataControl="RecipeService"
                  InstanceName="data.RecipeService.dataProvider"/>
    <attributeValues IterBinding="ingredientIterator" id="qtyStr">
      <AttrNames>
        <Item Value="qtyStr"/>
      </AttrNames>
    </attributeValues>
  </bindings>
</pageDefinition>
