<?xml version="1.0" encoding="UTF-8" ?>
<pageDefinition xmlns="http://xmlns.oracle.com/adfm/uimodel" version="12.2.1.22.33" id="GooglePageDef"
                Package="crud.CRUD.recipes">
  <parameters/>
  <executables>
    <iterator Binds="root" RangeSize="25" DataControl="RecipeService" id="RecipeServiceIterator"/>
    <accessorIterator MasterBinding="RecipeServiceIterator" Binds="googleResults" RangeSize="25"
                      DataControl="RecipeService" BeanClass="crud.JAVA.Google" id="googleResultsIterator"/>
  </executables>
  <bindings>
    <attributeValues IterBinding="RecipeServiceIterator" id="googleCriteria">
      <AttrNames>
        <Item Value="googleCriteria"/>
      </AttrNames>
    </attributeValues>
    <methodAction id="callGoogle" RequiresUpdateModel="true" Action="invokeMethod" MethodName="callGoogle"
                  IsViewObjectMethod="false" DataControl="RecipeService"
                  InstanceName="data.RecipeService.dataProvider"/>
    <tree IterBinding="googleResultsIterator" id="googleResults">
      <nodeDefinition DefName="crud.JAVA.Google" Name="googleResults0">
        <AttrNames>
          <Item Value="url"/>
          <Item Value="title"/>
          <Item Value="prepTime"/>
        </AttrNames>
      </nodeDefinition>
    </tree>
    <methodAction id="openUrl" RequiresUpdateModel="true" Action="invokeMethod" MethodName="openUrl"
                  IsViewObjectMethod="false" DataControl="RecipeService" InstanceName="data.RecipeService.dataProvider">
      <NamedData NDName="url" NDValue="#{bindings.url}" NDType="java.lang.String"/>
    </methodAction>
    <attributeValues IterBinding="googleResultsIterator" id="url">
      <AttrNames>
        <Item Value="url"/>
      </AttrNames>
    </attributeValues>
    <action IterBinding="googleResultsIterator" id="Delete" RequiresUpdateModel="false" Action="removeCurrentRow"/>
    <methodAction id="processSelectedGoogleUrl" RequiresUpdateModel="true" Action="invokeMethod"
                  MethodName="processSelectedGoogleUrl" IsViewObjectMethod="false" DataControl="RecipeService"
                  InstanceName="data.RecipeService.dataProvider">
      <NamedData NDName="url" NDValue="#{bindings.url}" NDType="java.lang.String"/>
    </methodAction>
  </bindings>
</pageDefinition>
