<?xml version = '1.0' encoding = 'UTF-8'?>
<task-flow-registry xmlns="http://xmlns.oracle.com/adf/controller/rc">
   <task-flow-descriptor path="adfc-mobile-config.xml" id="" type="" uses-page-fragments="false" library-internal="false" remote-invocable="false" train="false" critical="false" page-type="unspecified"/>
   <task-flow-descriptor path="crud.Aisles/Aisles-task-flow.xml" id="AislesTaskFlow" type="task-flow-definition" uses-page-fragments="false" library-internal="false" remote-invocable="false" train="false" critical="false" page-type="unspecified"/>
   <task-flow-descriptor path="crud.FoodItems/FoodItems-task-flow.xml" id="FoodItemsTaskFlow" type="task-flow-definition" uses-page-fragments="false" library-internal="false" remote-invocable="false" train="false" critical="false" page-type="unspecified">
      <input-parameter name="AisleSelected"/>
   </task-flow-descriptor>
   <task-flow-descriptor path="crud.People/phone/Phone-taskflow.xml" id="taskflow" type="task-flow-definition" uses-page-fragments="false" library-internal="false" remote-invocable="false" train="false" critical="false" page-type="unspecified"/>
   <task-flow-descriptor path="crud.People/taskflow.xml" id="taskflow" type="task-flow-definition" uses-page-fragments="false" library-internal="false" remote-invocable="false" train="false" critical="false" page-type="unspecified"/>
   <task-flow-descriptor path="crud.Recipes/Recipes-task-flow.xml" id="Recipes-task-flow" type="task-flow-definition" uses-page-fragments="false" library-internal="false" remote-invocable="false" train="false" critical="false" page-type="unspecified"/>
</task-flow-registry>