<?xml version="1.0" encoding="UTF-8" ?>
<adfc-mobile-config xmlns="http://xmlns.oracle.com/adf/controller" version="1.0">
  <task-flow-definition id="taskflow">
    <default-activity>People</default-activity>
    <view id="People">
      <page>/crud.People/People.amx</page>
    </view>
    <control-flow-rule id="__1">
      <from-activity-id>People</from-activity-id>
      <control-flow-case id="__2">
        <from-outcome>refresh</from-outcome>
        <to-activity-id>People</to-activity-id>
        <transition>none</transition>
      </control-flow-case>
    </control-flow-rule>
    <page-flow-scope-behavior>
      <push-new/>
    </page-flow-scope-behavior>
  </task-flow-definition>
</adfc-mobile-config>
