<?xml version="1.0" encoding="UTF-8" ?>
<adfc-mobile-config xmlns="http://xmlns.oracle.com/adf/controller" version="1.0">
  <task-flow-definition id="FoodItemsTaskFlow">
    <default-activity>FoodItems</default-activity>
    <input-parameter-definition id="__11">
      <name>AisleSelected</name>
      <value>#{pageFlowScope.AisleSelected}</value>
      <class>java.lang.String</class>
    </input-parameter-definition>
    <view id="FoodItems">
      <page>/crud.FoodItems/ListFoodItems.amx</page>
    </view>
    <view id="DetailFoodItem">
      <page>/crud.FoodItems/DetailFoodItem.amx</page>
    </view>
    <method-call id="CreateFoodItem">
      <method>#{bindings.createFoodItem.execute}</method>
      <outcome>
        <fixed-outcome>Create</fixed-outcome>
      </outcome>
    </method-call>
    <task-flow-return id="AislesTaskflow">
      <outcome>
        <name>AislesTaskflow</name>
      </outcome>
    </task-flow-return>
    <control-flow-rule id="__1">
      <from-activity-id>FoodItems</from-activity-id>
      <control-flow-case id="__2">
        <from-outcome>add</from-outcome>
        <to-activity-id>CreateFoodItem</to-activity-id>
      </control-flow-case>
      <control-flow-case id="__5">
        <from-outcome>detail</from-outcome>
        <to-activity-id>DetailFoodItem</to-activity-id>
      </control-flow-case>
      <control-flow-case id="__6">
        <from-outcome>returnToAisles</from-outcome>
        <to-activity-id>AislesTaskflow</to-activity-id>
      </control-flow-case>
    </control-flow-rule>
    <control-flow-rule id="__3">
      <from-activity-id>CreateFoodItem</from-activity-id>
      <control-flow-case id="__4">
        <from-outcome>Create</from-outcome>
        <to-activity-id>DetailFoodItem</to-activity-id>
      </control-flow-case>
    </control-flow-rule>
    <page-flow-scope-behavior>
      <push-new/>
    </page-flow-scope-behavior>
  </task-flow-definition>
</adfc-mobile-config>
