<?xml version="1.0" encoding="UTF-8" ?>
<!DOCTYPE PDefViewObject SYSTEM "jbo_03_01.dtd">
<!---->
<PDefViewObject
  xmlns="http://xmlns.oracle.com/bc4j"
  Name="Person"
  Version="12.1.3.20.8"
  xmlns:validation="http://xmlns.oracle.com/adfm/validation">
  <DesignTime>
    <Attr Name="_DCName" Value="crud.mobile.DataControls.Service"/>
    <Attr Name="_SDName" Value="crud.JAVA.Person"/>
  </DesignTime>
  <PDefAttribute
    Name="id"
    PrimaryKey="true"
    IsUpdateable="true">
    <Properties>
      <SchemaBasedProperties>
        <LABEL
          ResId="${adfBundle['crud.mobile.ViewControllerBundle']['crud.JAVA.Person.id_LABEL']}"/>
      </SchemaBasedProperties>
    </Properties>
  </PDefAttribute>
  <PDefAttribute
    Name="first"
    IsUpdateable="true">
    <validation:LengthValidationBean
      Name="FirstNameLength"
      ResId="${adfBundle['crud.mobile.ViewControllerBundle']['crud.JAVA.Person.first_Rule_0']}"
      OnAttribute="first"
      CompareType="BETWEEN"
      DataType="CHARACTER"
      MinValue="1"
      MaxValue="20"
      Inverse="false"/>
    <Properties>
      <SchemaBasedProperties>
        <LABEL
          ResId="${adfBundle['crud.mobile.ViewControllerBundle']['crud.JAVA.Person.first_LABEL']}"/>
      </SchemaBasedProperties>
    </Properties>
  </PDefAttribute>
  <PDefAttribute
    Name="last"
    IsUpdateable="true">
    <validation:LengthValidationBean
      Name="LastNameLength"
      ResId="${adfBundle['crud.mobile.ViewControllerBundle']['crud.JAVA.Person.last_Rule_0']}"
      OnAttribute="last"
      CompareType="BETWEEN"
      DataType="CHARACTER"
      MinValue="1"
      MaxValue="25"
      Inverse="false"/>
    <Properties>
      <SchemaBasedProperties>
        <LABEL
          ResId="${adfBundle['crud.mobile.ViewControllerBundle']['crud.JAVA.Person.last_LABEL']}"/>
      </SchemaBasedProperties>
    </Properties>
  </PDefAttribute>
  <PDefAttribute
    Name="phone"
    IsUpdateable="true">
    <validation:LengthValidationBean
      Name="PhoneLength"
      ResId="${adfBundle['crud.mobile.ViewControllerBundle']['crud.JAVA.Person.phone_Rule_0']}"
      OnAttribute="phone"
      CompareType="LESSTHANEQUALTO"
      DataType="CHARACTER"
      CompareLength="20"
      Inverse="false"/>
    <Properties>
      <SchemaBasedProperties>
        <LABEL
          ResId="${adfBundle['crud.mobile.ViewControllerBundle']['crud.JAVA.Person.phone_LABEL']}"/>
      </SchemaBasedProperties>
    </Properties>
  </PDefAttribute>
  <PDefAttribute
    Name="email"
    IsUpdateable="true">
    <validation:LengthValidationBean
      Name="EmailLength"
      ResId="${adfBundle['crud.mobile.ViewControllerBundle']['crud.JAVA.Person.email_Rule_0']}"
      OnAttribute="email"
      CompareType="LESSTHANEQUALTO"
      DataType="CHARACTER"
      CompareLength="25"
      Inverse="false"/>
    <Properties>
      <SchemaBasedProperties>
        <LABEL
          ResId="${adfBundle['crud.mobile.ViewControllerBundle']['crud.JAVA.Person.email_LABEL']}"/>
      </SchemaBasedProperties>
    </Properties>
  </PDefAttribute>
  <PDefAttribute
    Name="birthDate"
    IsUpdateable="true">
    <Properties>
      <SchemaBasedProperties>
        <LABEL
          ResId="${adfBundle['crud.mobile.ViewControllerBundle']['crud.JAVA.Person.birthDate_LABEL']}"/>
      </SchemaBasedProperties>
    </Properties>
  </PDefAttribute>
  <PDefAttribute
    Name="address"
    IsUpdateable="true">
    <validation:LengthValidationBean
      Name="AddressLength"
      ResId="${adfBundle['crud.mobile.ViewControllerBundle']['crud.JAVA.Person.address_Rule_0']}"
      OnAttribute="address"
      CompareType="LESSTHANEQUALTO"
      DataType="CHARACTER"
      CompareLength="50"
      Inverse="false"/>
    <Properties>
      <SchemaBasedProperties>
        <LABEL
          ResId="${adfBundle['crud.mobile.ViewControllerBundle']['crud.JAVA.Person.address_LABEL']}"/>
      </SchemaBasedProperties>
    </Properties>
  </PDefAttribute>
  <PDefAttribute
    Name="city"
    IsUpdateable="true">
    <validation:LengthValidationBean
      Name="CityLength"
      ResId="${adfBundle['crud.mobile.ViewControllerBundle']['crud.JAVA.Person.city_Rule_0']}"
      OnAttribute="city"
      CompareType="LESSTHANEQUALTO"
      DataType="CHARACTER"
      CompareLength="30"
      Inverse="false"/>
    <Properties>
      <SchemaBasedProperties>
        <LABEL
          ResId="${adfBundle['crud.mobile.ViewControllerBundle']['crud.JAVA.Person.city_LABEL']}"/>
      </SchemaBasedProperties>
    </Properties>
  </PDefAttribute>
  <PDefAttribute
    Name="state"
    IsUpdateable="true">
    <validation:LengthValidationBean
      Name="StateLength"
      ResId="${adfBundle['crud.mobile.ViewControllerBundle']['crud.JAVA.Person.state_Rule_0']}"
      OnAttribute="state"
      CompareType="LESSTHANEQUALTO"
      DataType="CHARACTER"
      CompareLength="10"
      Inverse="false"/>
    <Properties>
      <SchemaBasedProperties>
        <LABEL
          ResId="${adfBundle['crud.mobile.ViewControllerBundle']['crud.JAVA.Person.state_LABEL']}"/>
      </SchemaBasedProperties>
    </Properties>
  </PDefAttribute>
</PDefViewObject>
