{
  "http://xmlns.oracle.com/adf/mf/amx":
  {
    "accessoryLayout":
    {
      "js": "js/amx-accessoryLayout.js"
    },
    "actionListener": {},
    "attributeListIterator":
    {
      "js": "js/fragment/amx-attributeListIterator.js"
    },
    "carousel":
    {
      "js": "js/amx-carousel.js"
    },
    "cellFormat":
    {
      "js": "js/amx-panels.js"
    },
    "commandButton":
    {
      "js": "js/amx-commonTags.js"
    },
    "commandLink":
    {
      "js": "js/amx-commonTags.js"
    },
    "convertDateTime":
    {
      "js": "js/amx-converter.js"
    },
    "convertNumber":
    {
      "js": "js/amx-converter.js"
    },
    "deck":
    {
      "js": "js/amx-deck.js"
    },
    "facet": {},
    "facetRef":
    {
      "js": "js/fragment/amx-facetRef.js"
    },
   "flexLayout":
    {
      "js": "js/amx-flexLayout.js"
    },
    "fragment":
    {
      "js":
      [
        "js/fragment/amx-fragmentUtils.js",
        "js/fragment/amx-fragment.js"
      ]
    },
    "fragmentDef":
    {
      "js": "js/fragment/amx-fragmentDef.js"
    },
    "goLink":
    {
      "js": "js/amx-commonTags.js"
    },
    "image":
    {
      "js": "js/amx-commonTags.js"
    },
    "inputDate":
    {
      "js": "js/amx-inputDate.js"
    },
    "inputNumberSlider":
    {
      "js": "js/amx-inputNumberSlider.js"
    },
    "inputText":
    {
      "js": "js/amx-commonTags.js"
    },
    "iterator":
    {
      "js": "js/amx-listView.js"
    },
    "listItem":
    {
      "js": "js/amx-listView.js"
    },
    "listView":
    {
      "js": "js/amx-listView.js"
    },
    "filmStrip":
    {
      "js": "js/amx-filmStrip.js"
    },
    "loadBundle": {},
    "masonryLayout":
    {
      "js":
      [
        "js/MasonryLayoutCommon.js",
        "js/amx-masonryLayout.js"
      ]
    },
    "outputText":
    {
      "js": "js/amx-commonTags.js"
    },
    "outputHtml":
    {
      "js": "js/sanitize/html-css-sanitizer-bundle.js"
    },
    "panelFormLayout":
    {
      "js": "js/amx-panels.js"
    },
    "panelGroupLayout":
    {
      "js": "js/amx-panels.js"
    },
    "panelLabelAndMessage":
    {
      "js": "js/amx-panels.js"
    },
    "panelPage":
    {
      "js": "js/amx-panels.js"
    },
    "panelSplitter":
    {
      "js": "js/amx-panelSplitter.js"
    },
    "panelStretchLayout":
    {
      "js":
      [
        "js/amx-panels.js"
      ]
    },
    "popup":
    {
      "js": "js/amx-popup.js"
    },
    "refreshContainer":
    {
      "js": "js/amx-refreshContainer.js"
    },
    "rowLayout":
    {
      "js": "js/amx-panels.js"
    },
    "selectBooleanCheckbox":
    {
      "js": "js/amx-selects.js"
    },
    "selectBooleanSwitch":
    {
      "js": "js/amx-selects.js"
    },
    "selectItem":
    {
      "js": "js/amx-selects.js"
    },
    "selectItems":
    {
      "js": "js/amx-selects.js"
    },
    "selectManyCheckbox":
    {
      "js": "js/amx-selects.js"
    },
    "selectManyChoice":
    {
      "js": "js/amx-selects.js"
    },
    "selectOneButton":
    {
      "js": "js/amx-selects.js"
    },
    "selectOneChoice":
    {
      "js": "js/amx-selects.js"
    },
    "selectOneRadio":
    {
      "js": "js/amx-selects.js"
    },
    "setPropertyListener": {},
    "spacer":
    {
      "js": "js/amx-commonTags.js"
    },
    "tableLayout":
    {
      "js": "js/amx-panels.js"
    },
    "verbatim":
    {
      "js": "js/amx-commonTags.js"
    },
    "view":
    {
      "js": "js/amx-commonTags.js"
    }
  },
  "http://xmlns.oracle.com/adf/mf/amx/dvt":
  {
    "*":
    {
      "js": "js/dvtm/dvtm-base.js"
    },
    "areaChart":
    {
      "js": "js/dvtm/dvtm-chart.js"
    },
    "barChart":
    {
      "js": "js/dvtm/dvtm-chart.js"
    },
    "bubbleChart":
    {
      "js": "js/dvtm/dvtm-chart.js"
    },
    "comboChart":
    {
      "js": "js/dvtm/dvtm-chart.js"
    },
    "funnelChart":
    {
      "js": "js/dvtm/dvtm-chart.js"
    },
    "geographicMap":
    {
      "js": "js/dvtm/dvtm-geographicMap.js"
    },
    "horizontalBarChart":
    {
      "js": "js/dvtm/dvtm-chart.js"
    },
    "legend":
    {
      "js": "js/dvtm/dvtm-legend.js"
    },
    "lineChart":
    {
      "js": "js/dvtm/dvtm-chart.js"
    },
    "nBox":
    {
      "js": "js/dvtm/dvtm-nBox.js"
    },
    "pictoChart":
    {
      "js": "js/dvtm/dvtm-pictoChart.js"
    },
    "pieChart":
    {
      "js": "js/dvtm/dvtm-chart.js"
    },
    "scatterChart":
    {
      "js": "js/dvtm/dvtm-chart.js"
    },
    "sparkChart":
    {
      "js": "js/dvtm/dvtm-chart.js"
    },
    "ledGauge":
    {
      "js": "js/dvtm/dvtm-gauge.js"
    },
    "statusMeterGauge":
    {
      "js": "js/dvtm/dvtm-gauge.js"
    },
    "dialGauge":
    {
      "js": "js/dvtm/dvtm-gauge.js"
    },
    "ratingGauge":
    {
      "js": "js/dvtm/dvtm-gauge.js"
    },
    "stockChart":
    {
      "js": "js/dvtm/dvtm-chart.js"
    },
    "thematicMap":
    {
      "js": "js/dvtm/dvtm-thematicMap.js"
    },
    "timeline":
    {
      "js": "js/dvtm/dvtm-timeline.js"
    },
    "sunburst":
    {
      "js": "js/dvtm/dvtm-treeview.js"
    },
    "treemap":
    {
      "js": "js/dvtm/dvtm-treeview.js"
    }
  }
}
