<?xml version="1.0" encoding="UTF-8" ?>
<pageDefinition xmlns="http://xmlns.oracle.com/adfm/uimodel" version="12.1.3.9.18" id="springboardPageDef"
                Package="crud.Springboard">
  <parameters/>
  <executables>
    <variableIterator id="variables"/>
    <iterator Binds="root" RangeSize="25" DataControl="ApplicationFeatures" id="ApplicationFeaturesIterator"/>
    <accessorIterator MasterBinding="ApplicationFeaturesIterator" Binds="features" RangeSize="25"
                      DataControl="ApplicationFeatures" BeanClass="oracle.adfmf.framework.FeatureInformation"
                      id="featuresIterator"/>
  </executables>
  <bindings>
    <attributeValues IterBinding="featuresIterator" id="name">
      <AttrNames>
        <Item Value="name"/>
      </AttrNames>
    </attributeValues>
    <tree IterBinding="featuresIterator" id="features">
      <nodeDefinition DefName="oracle.adfmf.framework.FeatureInformation" Name="features0">
        <AttrNames>
          <Item Value="id"/>
          <Item Value="name"/>
        </AttrNames>
      </nodeDefinition>
    </tree>
    <methodAction id="gotoFeature" RequiresUpdateModel="true" Action="invokeMethod" MethodName="gotoFeature"
                  IsViewObjectMethod="false" DataControl="ApplicationFeatures"
                  InstanceName="data.ApplicationFeatures.dataProvider">
      <NamedData NDName="featureId" NDValue="#{viewScope.currentFeature}" NDType="java.lang.String"/>
    </methodAction>
  </bindings>
</pageDefinition>
